"","genes"
"1","cr1_rs17047660"
"2","cr1_rs17047661"
"3","abo_rs8176719"
"4","abo_rs56390333"
"5","abo_rs8176746"
"6","abo_rs8176750"
"7","adcy9_rs10775349"
"8","adcy9_rs2230739"
"9","adora2b_rs2535611"
"10","ajap1_kgp15825649"
"11","ajap1_rs6674631"
"12","arl14_rs74954675"
"13","arl14_rs75731597"
"14","arl14_rs76033371"
"15","atp2b4_rs10900585"
"16","atp2b4_rs1541255"
"17","atp2b4_rs3753036"
"18","atp2b4_rs4951074"
"19","atp2b4_rs55868763"
"20","b3galnt1_rs12107243"
"21","c6_rs1801033"
"22","cand1_rs10459266"
"23","cand1_rs12307123"
"24","cand1_rs1566830"
"25","cd36_rs3211938"
"26","ctl4_rs2242665"
"27","darc_rs2814778"
"28","derl3_rs1128127"
"29","emr1_rs373533"
"30","emr1_rs461645"
"31","frem3_rs149914432"
"32","frem3_rs184895969"
"33","frem3_rs184908374"
"34","frem3_rs186790584"
"35","frem3_rs186873296"
"36","gab1_rs7663712"
"37","gabbr1_rs192151845"
"38","gbp7_rs1803632"
"39","gnas_rs8386"
"40","grip1_rs1394263"
"41","hbb_rs334"
"42","hcg4_rs114980857"
"43","hspa1b_rs6457452"
"44","icam_rs5498"
"45","il10_rs1800890"
"46","il10_rs1800896"
"47","il10_rs3024500"
"48","il13_rs20541"
"49","il17rd_rs6780995"
"50","il17re_rs708567"
"51","il1a_rs17561"
"52","il1b_rs1143634"
"53","il20ra_rs1555498"
"54","il22_rs1012356"
"55","il22_rs2227478"
"56","il22_rs2227485"
"57","il22_rs2227491"
"58","il22_rs2227507"
"59","il4_rs2243250"
"60","il4r_rs1805015"
"61","inpp4b_rs13103597"
"62","inpp4b_rs77389579"
"63","irf1_rs2706384"
"64","loc727982_rs10188961"
"65","loc727982_rs1371474"
"66","loc727982_rs1371478"
"67","lphn2_rs146428334"
"68","lphn2_rs4650365"
"69","lphn2_rs72933304"
"70","lphn2_rs72933310"
"71","lphn2_rs72933350"
"72","lta_rs2239704"
"73","lta_rs909253"
"74","mki67_rs11016116"
"75","mki67_rs115947774"
"76","mki67_rs148494166"
"77","nod1_rs2075820"
"78","nos2_rs1800482"
"79","nos2_rs2297518"
"80","nos2_rs8078340"
"81","nos2_rs9282799"
"82","plekhg1_rs114726617"
"83","plekhg1_rs14155519"
"84","plekhg1_rs142712208"
"85","plekhg1_rs15116938"
"86","plekhg1_rs151293197"
"87","plekhg1_rs2131263"
"88","plekhg1_rs55958968"
"89","plekhg1_rs76924464"
"90","plekhg1_rs79100774"
"91","rps6kl1_rs3742785"
"92","rrm1_kgp12768002"
"93","rtn3_rs542998"
"94","sdc1_rs11899121"
"95","snord48_rs116288147"
"96","sptb_rs229587"
"97","tbx2_rs73991577"
"98","tlr1_rs4833095"
"99","tlr4_rs4986790"
"100","tlr4_rs4986791"
"101","tlr6_rs5743809"
"102","tlr6_rs5743810"
"103","tlr9_rs187084"
"104","tnf_rs1799964"
"105","tnf_rs1800629"
"106","tnf_rs3093662"
"107","tnf_rs361525"
"108","tnf_rs1800750"
"109","tpte2_rs182873742"
"110","trim5_rs7935564"
"111","usp38_rs28459062"
"112","usp38_rs4266246"
"113","ylpm1_rs10139016"
"114","zswim2_rs144778284"
"115","zswim2_rs4316902"
"116","laptm4a_rs973128"
"117","cd40lg_rs1126535"
"118","cd40lg_rs3092945"
"119","g6pd_rs1050828"
"120","g6pd_rs1050829"
