,genes,Model,Chr
1,cr1_rs17047660,R,1
2,cr1_rs17047661,A,1
10,ajap1_kgp15825649,A,1
11,ajap1_rs6674631,A,1
15,atp2b4_rs10900585,R,1
16,atp2b4_rs1541255,R,1
17,atp2b4_rs3753036,R,1
18,atp2b4_rs4951074,R,1
19,atp2b4_rs55868763,R,1
27,darc_rs2814778,H,1
38,gbp7_rs1803632,R,1
45,il10_rs1800890,R,1
46,il10_rs1800896,R,1
47,il10_rs3024500,R,1
67,lphn2_rs146428334,H,1
68,lphn2_rs4650365,H,1
69,lphn2_rs72933304,A,1
70,lphn2_rs72933310,A,1
71,lphn2_rs72933350,D,1
51,il1a_rs17561,R,2
52,il1b_rs1143634,A,2
64,loc727982_rs10188961,D,2
65,loc727982_rs1371474,H,2
66,loc727982_rs1371478,H,2
94,sdc1_rs11899121,H,2
114,zswim2_rs144778284,R,2
115,zswim2_rs4316902,R,2
116,laptm4a_rs973128,H,2
12,arl14_rs74954675,H,3
13,arl14_rs75731597,H,3
14,arl14_rs76033371,H,3
20,b3galnt1_rs12107243,D,3
49,il17rd_rs6780995,R,3
50,il17re_rs708567,R,3
103,tlr9_rs187084,A,3
31,frem3_rs149914432,A,4
32,frem3_rs184895969,H,4
33,frem3_rs184908374,H,4
34,frem3_rs186790584,A,4
35,frem3_rs186873296,A,4
36,gab1_rs7663712,H,4
61,inpp4b_rs13103597,A,4
62,inpp4b_rs77389579,A,4
98,tlr1_rs4833095,R,4
101,tlr6_rs5743809,R,4
102,tlr6_rs5743810,R,4
111,usp38_rs28459062,A,4
112,usp38_rs4266246,R,4
21,c6_rs1801033,A,5
48,il13_rs20541,R,5
63,irf1_rs2706384,A,5
26,ctl4_rs2242665,R,6
37,gabbr1_rs192151845,H,6
42,hcg4_rs114980857,H,6
43,hspa1b_rs6457452,D,6
53,il20ra_rs1555498,A,6
72,lta_rs2239704,D,6
73,lta_rs909253,H,6
82,plekhg1_rs114726617,A,6
83,plekhg1_rs14155519,R,6
84,plekhg1_rs142712208,A,6
85,plekhg1_rs15116938,A,6
86,plekhg1_rs151293197,A,6
87,plekhg1_rs2131263,A,6
88,plekhg1_rs55958968,H,6
89,plekhg1_rs76924464,A,6
90,plekhg1_rs79100774,A,6
95,snord48_rs116288147,D,6
104,tnf_rs1799964,H,6
105,tnf_rs1800629,H,6
106,tnf_rs3093662,R,6
107,tnf_rs361525,R,6
108,tnf_rs1800750,A,6
25,cd36_rs3211938,R,7
77,nod1_rs2075820,H,7
3,abo_rs8176719,R,9
4,abo_rs56390333,H,9
5,abo_rs8176746,A,9
6,abo_rs8176750,R,9
99,tlr4_rs4986790,R,9
100,tlr4_rs4986791,H,9
74,mki67_rs11016116,R,10
75,mki67_rs115947774,H,10
76,mki67_rs148494166,H,10
41,hbb_rs334,H,11
92,rrm1_kgp12768002,R,11
93,rtn3_rs542998,D,11
110,trim5_rs7935564,A,11
22,cand1_rs10459266,D,12
23,cand1_rs12307123,A,12
24,cand1_rs1566830,A,12
40,grip1_rs1394263,A,12
54,il22_rs1012356,H,12
55,il22_rs2227478,R,12
56,il22_rs2227485,R,12
57,il22_rs2227491,D,12
58,il22_rs2227507,A,12
109,tpte2_rs182873742,H,13
91,rps6kl1_rs3742785,H,14
96,sptb_rs229587,A,14
113,ylpm1_rs10139016,D,14
7,adcy9_rs10775349,R,16
8,adcy9_rs2230739,H,16
59,il4_rs2243250,H,16
60,il4r_rs1805015,H,16
9,adora2b_rs2535611,A,17
78,nos2_rs1800482,A,17
79,nos2_rs2297518,D,17
80,nos2_rs8078340,R,17
81,nos2_rs9282799,H,17
97,tbx2_rs73991577,H,17
29,emr1_rs373533,A,19
30,emr1_rs461645,A,19
44,icam_rs5498,H,19
39,gnas_rs8386,H,20
28,derl3_rs1128127,A,22
117,cd40lg_rs1126535,X,X
118,cd40lg_rs3092945,X,X
119,g6pd_rs1050828,X,X
120,g6pd_rs1050829,X,X